,id,text,dominant_topic
0,3,"Learn about Gardasil HPV Vaccine Multidistrict Litigation (MDL) in interview w Gardasil injury atty & Wisner Baum senior partner Bijan Esfandiari. HPV vaccine injury cases can move forward for ppl who were hurt after the shot(s).""#Gardasil #HPV #Vaccine""piped.video/watch?v=OkWCf0xJÖ",8
1,8,"#HPV #AdverseEvents #vaccinations #Gardasil #Merck""""childrenshealthdefense.eu/vaÖ",7
2,10,"Where I live , gardasil is given to all children , boys and girls.  Protection against cancer causing HPV is a good thing. #gardasil",2
3,16,"#HPV #Gardasil #Merck #vaccini """"childrenshealthdefense.eu/itÖ",7
4,17,"Owens, now in her 30s, is a political commentator and talk show host on The Daily Wire. She shared her ìabsolutely terrifyingî vaccine story in a recent video."" ""#gardasil  childrenshealthdefense.org/dÖ",6
5,18,"What """"""""innovation"""""""" are you talking about @GSKUS ? How to kill and disable boys and girls with #Gardasil and still get away without compensating and punishment?",3
6,22,Imagine being lied to about a vaccine! ?? #Gardasil #COVID19,0
7,23,"Data speaks for itself. Thank you @AaronSiriSG !""Part 13 / 17""#truth #news #health @ICANdecide #Vaccines #DiedSuddenly #CDC #FDA #Fauci #influenza #pfizer #PfizerKnew #moderna #HPV #Merck #Gardasil",6
8,26,"The HPV #Vaccine on Trial: Seeking Justice for a Generation Betrayed"" thevaccinereaction.org/2018/Ö #HPV #Gardasil#NeverForget ""#VaccineInjury",1
9,28,"Hazardous Ingredients of HPV Vaccines Increase Risk to Young People (Part 4)""#Merck #Gardasil""theepochtimes.com/health/hazÖ",5
10,36,"May is Women's Healthcare Month. One step that women and people with uteruses can take to protect their health is to get the HPV vaccine and get regular PAP tests. "" ""#hpv #gardasil #hpvvaccineeducation #cancerprevention",5
11,38,"?? Ni injections #InformezVous ""#Gardasil #Cervarix ""#NeVousConformezPas",9
12,46,"After experiencing #heartproblems, #ovariancysts etc. after #Gardasil #HPV #vaccine, Shelby Thomson created @unjected, the worldís first #unvaccinateddating site. She joins #FaithfulFreedom with Teryn Gregson by @WTPatriotsUSA to discuss."" Full Ep:""rumble.com/v34e65t-unvaccinaÖ",5
13,53,#Merck&Co World-Wide Sales for #GARDASIL was 1972m USD in Q1 2023 (Up 34%) 1stoncology.com/blog/10-q-quÖ,7
14,69,"Merck beats first-quarter expectations on Keytruda, Gardasil strength #Merck #Mercknews #cancer #financialresults #keytruda #Gardasil #HPVvaccine #molnupiravir #Lagevrio #q1results medicaldialogues.in/news/indÖ",7
15,75,That's Zuckerberg & his wife Priscilla Chan a pediatrician in the back of the needle car. #VaxxedII is about the harm the #gardasil vaccine has caused children. This political cartoon was way before covid. He's known where his bread is buttered long ago.,0
16,78,"Prevent HPV with Gardasil. Three separate doses needed for ages 12+ and available at #TheShotNurse."" ""#PreventHPV #Gardasil #Vaccinate",0
17,81,#Gardasil vk.com/wall684461573_2307,0
18,82,"m.facebook.com/story.php?stoÖ""The #Gardasil Shot. ""Remember it was marketed as """"""""safe and effective,"""""""" and they encouraged all kids and women, and men, ages of 9-26, to prevent 4 of the most prevalent strains of the Human Papilloma Virus (genital warts), which supposedly, they say can cause cervical cancer?  It causes cervical cancer, neurological injury, and infertility, among other things."" ""Go to: childrenshealthdefense.org/nÖ to find out why this """"""""safe and effective"""""""" vaccine is deadly.  Yet, after our FDA pulled the vaccine off the US market in 2020, after it killed and injured tens of thousands of people-- the same FDA, then approved it's grandparent vaccine, Gardasil9.  Now they market this vax as """"""""safe and effective,"""""""" and just like the first one, it's sold all over the world!   "" ""The annual deaths from cervical cancer in the US are 2.3/100,000 people.  The death rate from Gardasil's clinical trial was 85/100,000, or 37x that of deaths from cervical cancer.""""""""  "" In addition, they dramatically affect fertility!  The trials for both Gardasil and Gardasil9 showed a 25% and 27.4% miscarriage rate respectively, and they contain Polysorbate 80 and Borax.  These two chemicals are known to cause infertility in animals.  They used a deadly chemical, a neurotoxic aluminum adjuvant called AAHS, in their trial for Gardasil and called it a placebo! Placebos are supposed to be saline, or exercise, or something that cannot harm you!  Then guess what they used as a placebo for the Gardasil9 trial?  They used the first Gardasil shot, pulled off the US market, for deaths and injuries.  They then called it a placebo!  Doctors do not read the studies!  They read the summary of the study, which often doesn't even get close to matching the data. ie. Pfizer tried to keep the mRNA gene therapy shots in their #Pfizertrial hidden and confidential for 75 years.  Why do you think that was?  The Pfizer trial data shows an 82% miscarriage rate.  TOTALLY SAFE AND EFFECTIVE.  Of course, #BillGates was heavily involved in the funding, trial manipulation, and marketing via his Center for Global Development, who worked closely with the #CCP and the #WHO. Cgdev.org/blog/gates-funds-nÖ ""Who is the biggest donor to the Center for Global Development?  #TheBillandMelindaGatesFoundation, of course.  What was the CFGD founded to accomplish? The #UN2030 Agenda.  It says so clearly on their website via their """"""""about"""""""" page."" You can go to principled-practice.com/blog to understand the true history of our #CDC and #NIH.  #WakeUpAmerica #luciferian #depopulation #billgatesisevil #NewWorldOrder #Merck #MedicalFraud #healthcaredeaths  I am not an antivaxxer, I am an RN   #vaccinesafetyadvocate, who has learned the #ushealthcare industry has been heavily corrupted, and your health, and your life are often not their priority!  ""Sarah Lawton, RN, BSN, CCM",1
19,83,"#RFKJr., #Gardasil Many of the things Iím going to say today would be slanderous if they were not true.  if theyíre not true, then Merck should sue me. But Merck wonít do that. they wonít do it bkz in the US, truth is an absolute defense against slander.î childrenshealthdefense.org/nÖ",7
20,84,"rumble.com/v2fbkew--jonathanÖ""?? Jonathan Irwin, founder of the Jack&Jill foundation.  Jonathan Irwin  explains how the #Gardasil HPV vaccine has injured his daughter, and how  the HSE in Ireland have done nothing to help.""#VaxxedIreland @GerardDelaney39 ?? @HealthFreedomIE",1
21,87,"IT HAS CANCER IN IT ????""""??MERCK states that #Gardasil """"""""contains NO viral DNA"""""""". ""TESTED - 100% positive for HPV DNA was found..SANE VAX to FDA: Recombinant HPV DNA found in multiple samples of Gardasil ""sanevax.org/sane-vax-to-fda-Ö",9
22,91,The data on #Gardasil is available. Educate yourselves.,5
23,97,"And his anti-vax stance. #Gardasil"" His daughters *may* become promiscuous, unlike him. #Joyce: 2011 Australian Christian Lobby conference: ìThe best protection for those girls is that they get themselves into a secure relationship with a loving husbandî ""news.com.au/lifestyle/relatiÖ",3
24,99,"Were you diagnosed with POTS, premature ovarian failure, or other side effects after receiving the Gardasil HPV vaccine? You may be able to pursue compensation by filing a legal claim. ""#Gardasil #HPV #hpvvaccine #hpvawareness #gardasilreaction  ""wisnerbaum.com/blog/2023/aprÖ",2
25,104,"Thank you @megynkelly for having a truthful discussion about #hpv and #gardasil "" "" open.spotify.com/episode/74xÖ",9
26,105,"@tweetninthedark ""Not the first horror story I've heard about the Gardasil v@x.  Read the other day about a child who died after receiving it.  Skip that one and just don't be promiscuous.""#gardasil",6
27,108,"a typical letter from a young woman injured by #Gardasil. Her injuries, like those of so many, are manifold, complex and life-altering. ""ìÖlupus, rheumatoid arthritis, raynauds, POTSÖIBS, etc., and cervical cancer requiring a hysterectomy by age 24.î""childrenshealthdefense.org/dÖ",1
28,113,"Lawyers can join us tomorrow for the #Gardasil #HPV vaccine litigation update. Presenters are Tracy Turner of Pendley, Baudin & Coffin, Andrew Downing of Downing Allison & Jorgenson, and Bijan Esfandiari and Stephanie Sherman @lawyersherman of Wisner Baum.",8
29,115,Reminder: NOT required in Virginia schools.  Abstinence or condoms. #Cville #UVA #gardasil,0
30,118,The data on #Gardasil is available. Educate yourselves.,5
31,129,"@AssociationPEC @ALnpvl @GardasilNews  """"#Gardasil",0
32,132,"""""we want justice for our son, who suffered mightily because Merck never told us that serious adverse effects were possible. We want accountability and acknowledgment that what theyíve done is wrong.""""""""""#HPV #Gardasil #BigPharma""childrenshealthdefense.org/dÖ",5
33,134,#StopTheShots #vaccineinjuries #VaccineSideEffects #Cancer #CancerResearch #cancerawareness #gardasil,3
34,137,"??MERCK states that #Gardasil """"""""contains NO viral DNA"""""""". ""TESTED - 100% positive for HPV DNA was found..SANE VAX to FDA: Recombinant HPV DNA found in multiple samples of Gardasil ""sanevax.org/sane-vax-to-fda-Ö",9
35,143,#gardasil #Merck #vaccineinjuries childrenshealthdefense.org/dÖ,3
36,144,"Diane Harper, lead #Gardasil researcher ñ what are the facts? skepticalraptor.com/skepticaÖ",3
37,147,"We filed the initial patent applications for the life-saving #Gardasil vaccine more than 30 years ago in 1991."" The #hpvvaccine , developed by @ianhfrazer @UQ_News , now has the potential to eliminate #cervicalcancer worldwide. Read more from @gavi ""tinyurl.com/nr3r84n7",1
38,150,"ANOTHER testimony. So much for being """"""""Extremely Safe"""""""" @DonnaHowardTX. "" ""#NotExtremelySafe #Gardasil #HB989 #txlege",0
39,152,"CORVELVA's #GARDASIL chemical composition..""""drive.google.com/open?id=1vWÖ",0
40,154,Start with making pharmaceutical companies liable for killing and or maiming our children. #Gardasil #dtap,2
41,160,"Do you have a wart? Thatís HPV. Human Papilloma Virus. ""Some strains can cause anogenital, throat and cervical cancer. HPV can be transmitted just by human touch.The vaccines work. Go get it. ""#HPV #HPVvaccine #antivax #gardasil",1
42,161,13-Year-Old Noah Foleyís Untimely Death After Gardasil piped.video/aILrJQENFq8 via @YouTube #Gardasil,1
43,162,#HPV #VaccineSideEffects #vaccineinjuries #StopTheShots #Cancer #CancerResearch #cancerawareness #gardasil,3
44,165,"Many Unvaccinated Men .... Infected with #HPV "" precisionvaccinations.com/maÖ ""#vaccine #Gardasil #cervicalcancer #pharmacy #hcsm #mHealth",5
45,167,"@P_McCulloughMD """"??MERCK states that #Gardasil """"""""contains NO viral DNA"""""""". "" TESTED - 100% positive for HPV DNA was found.. SANE VAX to FDA: Recombinant HPV DNA found in multiple samples of Gardasil ""sanevax.org/sane-vax-to-fda-Ö",9
46,169,@AmyPaulin Just advanced a bill that would allow practitioners to give #gardasil shots to any child as young as 9 without parental consent or knowledge.,4
47,175,"#Court Orders #Merck to Turn Over #Gardasil #AdverseEvent Databases""to plaintiffs suing the #pharmaceutical giant for injuries allegedly caused by the #HPVvaccine ""childrenshealthdefense.org/dÖ",8
48,177,"??????HPV???? | BPK 9 ??????""???? 23,000 ?????????!????????.?????????????? WeChat?ipenzz13linkbio.co/50123051HcLU8""#???? #???? #???? #?? #?? #HPV #???? #??HPV?? #???? #GARDASIL #??????? #HPV????",0
49,178,"This is HPV vaccine called the #Gardasil. ""One of my friend's daughter was pushed to get this by the pediatrician. But I had already informed her about this, and she said NO. ""The pediatrician was so mad at her that she had to stop going to that particular pediatrician.",2
50,181,"#Gardasil #HPV vaccine, just another horrible failure.",0
51,185,#vaccines #HPV #CrimesAgainstHumanity #Gardasil #DiedSuddenly,0
52,186,Do you have an #HPVvaccine #Gardasil injury story to share? Tell Rep @DonnaHowardTX how #NotExtremelySafe this vax is and urge the TX Higher Ed Cmte to vote ìnoî on #HB989 #txlege,6
53,190,"#TeamTFVC testimony below ??"" ""#NotExtremelySafe #Gardasil #HB989 #txlege",0
54,191,"#GARDASIL""@IMSS""instagram.com/reel/CtnZ101sUÖ",0
55,194,Speaking of Clown World: The @nydems passed @AmyPaulin's bill in the Assembly Health Committee that allows children as young as 9 to get #Gardasil shots without the consent/knowledge of Mom/Dad. The clown even brought her dog to vote on the bill.,4
56,196,Court Orders Merck to Turn Over Gardasil Adverse Event Databases ï Children's Health Defense #gardasil #AdverseEvents  childrenshealthdefense.org/dÖ,8
57,208,"My son at 16 ended up with thyroid and kidney damage from the HPV requiring lifetime treatment and monitoring. Not safe at all!""""#NotExtremelySafe #Gardasil #HB989 #txlege @DonnaHowardTX",0
58,210,"childrenshealthdefense.org/dÖ """"#gardasil #vaers #vaccineinjuries #merck",3
59,213,"According to Donna Howard, thereís absolutely nothing to worry about when it comes to the HPV shot. "" Do you agree? Be sure to let her know in the replies ?? ""#NotExtremelySafe #Gardasil #HB989 #txlege @DonnaHowardTX",0
60,214,"#HPV can cause cancers to reproductive organs. However, it is preventable with the #Gardasil vaccine. Gardasil is available at doctor's offices and also at the upcoming School Immunization Event for 7th and 12th grade students. For more information, visit nhcgov.com/702/School-Based-Ö",0
61,215,"?? ??? ?? ??? ??????? ?? ???""Like ?? Share ??? .....""#cervical #fisioterapia #neckpain #osteopatia #cervicalcancer #backpain #o #doctor #herniadedisco #dolor #medicina #hpv #columna #wellness #cervicalcancerawareness #healthcare #pain  #medicine #gardasil #health #cervica",5
62,217,#Merck & Co. #sued over #Gardasil #HPV #vaccine deceit bit.ly/3oMkfEp bit.ly/3oMkfEp,7
63,218,"Caroline's treatment for cervical cancer post #Gardasil vaccine put her into menopause in her 20s, so she will never be able to have children of her own because her eggs are no longer viable. Read about her HPV lawsuit against Merck wisnerbaum.com/prescription-Ö @rustyrockets @joerogan",5
64,220,#Merck & Co. #sued over #Gardasil #HPV #vaccine deceit bit.ly/3oMkfEp bit.ly/3oMkfEp,7
65,221,Remember folks! There's a vaccine for this. #Gardasil #HPVvaccine,0
66,228,The judge overseeing the federal #Gardasil #HPV vaccine litigation has ordered #Merck to produce its entire database of Gardasil adverse events to attorneys representing dozens of women and men suing the company for Gardasil induced autoimmune conditions.  bit.ly/3zAwOHc,5
67,229,#hpv #hpvawareness #hpvvaccineeducation #hpvvirus #epochtimes #gardasil #fda #cdc @epochtimes @fda @cdcgov,6
68,234,"Episode 90 available now on @spotify "" ""#spotify #90 #ninety #podcast #rbftt #hpv #hpvawareness #hpvvaccineeducation #hpvvirus #epochtimes #gardasil #fda #cdc @epochtimes @fda @cdcgov",6
69,242,"Wisner Baum is fighting for young boys and girls who allege in lawsuits that they sustained debilitating side effects from the popular hpv shot, Gardasil. Call us today for a free case evaluation.""#VaccineInjury #Gardasil #HPV""bit.ly/423L0VV",8
70,251,"#SmallSensoryFiberNeuropathy and #POTS also are associated with other vaccines such as†#Gardasil, #Merckís human papillomavirus (#HPV) vaccine.""""#LongVax",2
71,252,This is tragic news. So very sad to hear ?? We must #ProtectOurChildren #Gardasil #VaccineGenocide,0
72,253,"So damn sorry. ""I read about the encephalitis and other maladies that came with the #Gardasil inoculation and both my ex husband and I said no way.""   RIP beautiful girl.",3
73,254,Some serious injuries from the Gardasil injection | Watch Wisner Baum Attorney Monique Alarcon piped.video/shorts/_oLxJqQLbÖ #Gardasil #Gardasil9 #HPV #hpvvaccine #hpvawareness #lawyer,8
74,255,"Hey #NY! Red hot action. Call your STATE assemblymember and senator! Oppose Bill A276a, which allows minor to get #Gardasil #shots",3
75,256,"Young Woman Sues Merckóthe #HPVVaccine Meant to Stop #CervicalCancer, Actually Causes the Disease"" #RightToKnow #InformedConsent #Gardasil ""piped.video/watch?v=_4Zm1qviÖ",7
76,257,"How lovely it is seeing a couple of Barren lesbians plot the sterilization of everyone else. """"#gardasil",0
77,258,"25 Reasons to Avoid #Gardasil"" ""childrenshealthdefense.org/nÖ",4
78,259,"If you or someone in your family suffered side effects related to the HPV vaccine, you may be able to pursue legal action in a Gardasil lawsuit.""#VaccineInjury #Gardasil #HPV""bit.ly/423L0VV",2
79,270,"Someone asked a question on my video about the #HPVVaccine #Gardasil, creating a good jump-off point about #VaccineLawsuit(s) and how adverse events are addressed. #Vaccines #GetVaccinated #SafeAndEffective",0
80,272,"Donít let the rainbow fool you. Merck is currently:""1) advocating for multiple doses of #gardasil when one is sufficient2) promoting #molnupiravir despite its ineffectiveness and risks to both patients and global health""3) suing to block #medicare from negotiating drug prices",9
81,281,Reinfocovid #gardasil #Desinformation,0
82,284,"#HPV #Gardasil""""This book is better researched than the vaccine!",0
83,285,"Stateís hostility on vaccine injury is not confined to Covid† #hpv #gardasil #vaccines ""If you are the parent of a teenage girl, you MUST read this. ""conservativewoman.co.uk/statÖ via @theconwom",1
84,287,Concerns of Increased Neurological and Autoimmune Events After HPV Vaccines #Gardasil theepochtimes.com/health/conÖ,0
85,289,"In today's Critical Mass: The Third Circuitís talc dismissal is a ësetbackí for some, and a ëmajor victoryí for others. Plus, a science lab whose reports prompted consumer product recalls is under attack. Also: #GARDASIL #OPIOID #NICHOLS at.law.com/5Fddvt?cmp=share_Ö via @lawdotcom",5
86,291,"Refused this for my 2 daughters, then when my son came alongÖ. Tried to push it on him. Thanks, but no thanks!! #Gardasil #HPV #Poison #CDC #Liars",9
87,292,"It took this poor family more than 10 years to prove that their daughter died from the #HPVVaccine #Gardasil."" That's the reason why people aren't trying to sue more #vaccineinjuries. ""newyork.legalexaminer.com/heÖ",2
88,295,"#CervicalCancer is the 2nd leading cause of cancer death in women in #Cameroon. ""Most cases have been linked to infection with #HumanPapillomaVirus (HPV).#Gardasil is the main vaccine used by  @MINSANTECMR in preventing HPV in boys and girls from age 9.  ""#HEROCameroon",7
89,297,"Back in 2014, over 200 girls were hospitalised in #Colombia after the administration of #Gardasil #HPV #vaccine""""#vaccineinjuries #vaccinegenocide #CervicalCancer #CervicalCancerAwarenessMonth",3
90,300,"The HPV Vaccine on Trial: Seeking Justice for a Generation Betrayed"" #gardasil#vaccineinjury#HPV#pharmacide ""thevaccinereaction.org/2018/Ö",1
91,303,Safe and Effective Vaccine? HPV Vaccine Gardasil Target of Mounting Legal Claims trialsitenews.com/a/safe-andÖ #HPV #Gardasil,0
92,304,"Lots missing, inc #chemtrails #Gardasil #genderfluid where to stop? ????????",0
93,305,"awakenindiamov: Read this heart breaking story of #gardasil injury""nypost.com/2008/07/20/my-girÖ ""#hpv #StoptheShotsNow #guineapig #CervicalCancerAwarenessMonth",6
94,306,You tried to force child #tdap and #Gardasil vaccines on our kids....#gfys,4
95,309,#GARDASIL IS POISON,0
96,310,"Wisner Baum Senior Partner Michael Baum explains why they really should screen for HPV, otherwise you're increasing your chances of getting cervical cancer when you get the shot. """"#Gardasil #Gardasil9 #HPV #gardasilreaction #gardasilinjury #cervicalcancer  piped.video/shorts/5wGN9-_6gÖ",8
97,311,"A healthy 14 year old boy died of Myocarditis after receiving #HPVvaccine #Gardasil""sanevax.org/.../11/Gomez-v-UÖ""Joel Gomez, a healthy boy w/ NO any pre-existing health issues, died next day after his 2nd Gardasil shot. #LotusOak",6
98,312,"Diane Harper, lead #Gardasil researcher ñ what are the facts? skepticalraptor.com/skepticaÖ",3
99,316,"#FactFriday - Gardasil achieved FDA approval in just six months. One of the principal investigators of the Gardasil clinical trials (the human testing that precedes FDA approval) said the process ìwent too fast.î #Gardasil #FDA #lawsuit""""bit.ly/3e5OmUy",6
100,317,"Final tweet of evening: ""#BMJ UK doctors re-examine case for mandatory vaccination of #HPV vaccine find ZERO evidence  #Cervarix / #Gardasil will ever prevent a single case of cancer. GSK and Merck, only ever state they are 'intended ""to' /'expected to'",9
101,318,"Sacrificial Virgins - The Dangers of the #HPV #Vaccine (2017)"" #gardasil ""rumble.com/v1whewy-sacrificiÖ",0
102,321,"Mother of daughter injured by #Gardasil #HPV shot, testifies before California State Assembly Health Committee. Katherine Robi spoke in opposition to a section of AB 659 ñ Cancer Prevention Act - that is vague, ambiguous, and misleading. piped.video/O5yudGuVJH4 via @YouTube",1
103,322,"@YourVoiceMD Have just finished listening to your #Ologies shows!        "" What a brilliant Ep! You are warm, & smart, & educational, & a person I could I listened to daily. And thanks for the #Gardasil heads up, for all!I recommend you to all! Thankyou. ""Kitty, Australia ????",9
104,323,"awakenindiamov: Dr. Uzi Beller, ìan international authority on gynecological cancersî had  came out publicly against vaccinating 65,000, 14-year old girls in Israel with #Gardasil""""ageofautism.com/2013/09/hpv-Ö",3
105,325,"I really do wish all these doctors and experts would stop acting like these """"""""things' haven't been killing and injuring children for a VERY LONG TIME!!!"" #VaccineDeaths #Vaccineinjury#Gardasil  RIP Colton Berret #CandlesForColton ""#ItsNotRare #ItsNotFair",4
106,326,#Merck World-Wide Sales for #GARDASIL was 1470m USD in Q4 2022 (Down 36%) 1stoncology.com/blog/4q22-meÖ,7
107,327,"#Gardasil #Vaccine Given without Consent & Ruins Life of 14 Year Old Girl""""vaccineimpact.com/.../gardasÖ #LotusOak",3
108,330,"To sum up, here are the post HPV vaccine medical conditions for which court has awarded compensation."" #InformedConsent #NoAmnesty #TheyLiedPeopleDied#Gardasil#HPV ""#WHOQuitIndia",2
109,331,"Please watch this dad @maggie_bomber a Danish documentary of teen girls who all received the HPV vax, it's one of the most dangerous childhood vaccines"" #gardasil#oneless  ""rumble.com/v18fi79-the-vacciÖ",9
110,333,awakenindiamov: The truth about #Gardasil #vaccinegenocide #HPV,3
111,334,"read #Vaccine Package Inserts!""DEATH, Acute Disseminated Encephalomyelitis (#ADEM), Guillain-BarrÈ syndrome, Transverse Myelitis, paralysis etc are documented side effects of #Gardasil #HPVvaccine.""fda.gov/.../pub.../Package-IÖ #LotusOak",2
112,335,Maybe #COVID19 needed to happen in order for the Vaccine Lie to come out.  I was a believer in vaccines up until the #chickenpoxvax and #Gardasil for HPV.  That was  when it started steering to the left for me.,0
113,336,"Gentleman Jackalope helped us discover HPV and its connection to cervical cancer! Read our blog inspired by the recent 99%invisible episode @99piorg"" [Art credit Anna Todaro] ""#HPV #cervicalcancer #jackalope #gardasil",1
114,338,"#HPV is a serious disease that affects many Americans every year, however it is preventable with the Gardasil vaccine. Swipe to learn more!"" ""#publichealth #immunization #gardasil #vaccination #hpv",0
115,339,"Dr. Uzi Beller, ìan international authority on gynecological cancersî had  came out publicly against vaccinating 65,000, 14-year old girls in Israel with #Gardasil""""ageofautism.com/2013/09/hpv-Ö",3
116,342,"Norway ???????? ???????????????  #Gardasil ???? #HPV ???????????  ?????? ???????????  15 ???? ?????????? ????????? ????????? ???? ???????????  ???????????  """"naturalblaze.com/2015/12/norÖ",0
117,343,The truth about #Gardasil #vaccinegenocide #HPV,3
118,346,"awakenindiamov: #Australia : #Cancer Epidemic in #Gardasil Girls""""childrenshealthdefense.org/nÖ",3
119,348,"?? #EnfantsEnDanger ?? #Gardasil """"#Jarnac #macron #papndiaye",4
120,350,"Injured by #Gardasil or other #vaccine then reading this won't surprise you! #CDCLied ""#VaccineDeath #HPV #FDA #WHO #CrimesAgainstHumanity #Pharmaceutical #Merck ""#wef23",6
121,355,"#Gardasil #HPV truths you shouldn't miss.""gardasilhpvtruths.com/ ""#StopTheShotsNow",3
122,359,"Did you know that memory impairment and involuntary movement have been observed after #HPVvaccine?""ncbi.nlm.nih.gov/pmc/articleÖ Want to learn more?piped.video/physiciansforinfÖ ""#1stDoNoHarm #Vaccines #InformedConsent #HPV #Gardasil #CervicalCancer #Science #Statistics",7
123,361,"#Australia : #Cancer Epidemic in #Gardasil Girls""""childrenshealthdefense.org/nÖ",3
124,363,"#gardasil is poison REFUSED to allow it to be given to my child."" ""U.S Government and vaccine makers are criminal organizations.",4
125,367,"This is exactly what happened when people where injured after the #gardasil #vaccine ""#VaccineSideEffects #CovidVaccines #COVID #vaccinedamage ""#Fauci can you explain?",1
126,371,"A recent @Merck study in the Expert Review of Vaccines evaluated the global impact of the HPV vaccine, and found that #GARDASIL led to reduced rates of HPV and HPV-related diseases in men and women. Read more about the positive impact of the #HPV vaccine. bit.ly/3FFYkHf",5
127,374,"#January should be #HPV Vaccine Injury awareness month. That #Gardasil Vaccine comes with crippling side effects will be dismissed by media and doctors however it's up to you to stay #informed"" ""snopes.com/news/2017/06/08/gÖ",2
128,379,#Gardasil #infertility #BigPharma #DepopulationAgenda #NWO,0
129,389,A long but very illuminating thread on HPV vaccine #Gardasil,0
130,390,"I met a girl who was a dancer, then got the #gardasil #vaccine and couldnít walk.",3
131,395,"Lawsuit claims #HPV-vaccine causes auto-immune and neurologic disorders"" web.archive.org/web/20230307Ö ""#Merck #HPVvaccine #Gardasil.",0
132,397,Holy shit that #gardasil is a bitch. #owowowow,0
133,398,"If you have experienced side effects or an autoimmune disorder after receiving the Gardasil vaccine, we have created a comprehensive guide which includes links to helpful resources and support groups. #Gardasil #hpv """"bit.ly/3OVYlcP",2
134,399,"The HPV vaccine protects against the types of HPV that most often cause cervical cancers. HPV can also cause other kinds of cancer in both men and women.  "" ""#hpv #hpvvaccine #vaccine #gardasil #cancerprevention #cervicalcancer #humanpapalomavirus",2
135,403,"Many young people who received the Gardasil vaccine are suffering, & it has been a living nightmare for parents with kids who experienced adverse reactions to the vaccine. They trusted Gardasil, never suspecting the harm that could follow. #Gardasil #hpv """"bit.ly/3e5OmUy",5
136,404,"?? Flyer NB #Jarnac #boycott ""#ParentsEnColere #Gardasil  docdroid.net/DEUlfVr/jarnac-Ö ""??#ProtegeonsNosEnfants",4
137,406,"I liked Perry, but his #Gardasil mandate for girls really annoyed me and I have never forgotten it.""""I think that he's a good Joe, but I think that he either got some bad advice on that or he got a healthy campaign donation.",3
138,413,Could the Gardasil vaccine lawsuit result in big payouts? trialsitenews.com/a/gardasilÖ #HPV #Gardasil #HPVvaccine #vaccine #vaccines #vaccineinjury,0
139,421,"Did you know a healthy 17-year-old woman suddenly developed inflammation of the heart muscle & died within 2 weeks of receiving an #HPVvaccine?""amjmed.com/article/S0002-934Ö Sign up: physiciansforinformedconsentÖ ""#1stDoNoHarm #Vaccines #Vaccination #InformedConsent #HPV #Gardasil",6
140,424,Parents up in arms over CA AB 659 that would mandate the #HPV vaccine for students. The science is not settled on the #Gardasil HPV vaccine. Peer reviewed publications demonstrate that. bit.ly/AB659-HPV-Vaccine @wendycarrillo @HeathFloraCA @BMaienschein @Patterdude @KevinMcCartyCA,4
141,426,"Season 1 #gardasil""Season 2 #CovidVaccine Sans oublier #mediator #levothyrox...""Perseverare diabolicum",0
142,431,"#Gardasil 9 (#HPV Vaccine) Schedule, Side Effects, Warnings""drugs.com/gardasil.html ""Comprehensive reference.",2
143,432,"For anyone who doesn't know Colton's story ??"" #gardasil ""thevaccinereaction.org/2018/Ö",6
144,433,"#Merck #Gardasil #clinicaltrials trickery"" Merged saline #placebo & #vaccine placebo groups ""1 in 38 girls will get an #autoimmune disease within 6 or 7 months of their Gardasil shot & they hid that."""""""""" ""Lawsuits in progress.",0
145,436,"TribuneScientifique What about the #Gardasil HPV vaccine? Dr GÈrard DelÈpine takes the time to answer you. And if you take the time to read it """"""""Do not vaccinate neither girls nor boys: a dangerous and ineffective vaccine against cancer""""""""",2
146,441,Parents up in arms over CA Assembly Bill 659 that would mandate the #HPV vaccine for students. The science is not settled on the #Gardasil HPV vaccine. Peer reviewed publications demonstrate that. bit.ly/AB659-HPV-Vaccine @JimWoodAD2 @MarieWaldron75 @AsmAguiarCurry @drarambulaAD31,4
147,443,"injurious #vaccines ""#Gardasil #Hepatitis B""MMR",0
148,444,"The #HPV #Vaccine on Trial: Seeking Justice for a Generation Betrayed"" #gardasil#vaccineinjury#pharmacide#RIPColton ""thevaccinereaction.org/2018/Ö",1
149,445,"TAKE ACTION: Protect Our Children?? Demand adequate informed consent for #HPVvaccines"" ?? bit.ly/3ynDtnh Submit written/oral testimony on Friday 3/10 between 8am + 3pm ET. The hearing will be TUES, 3/10 @ 1pm in the House HGO Committee  ""#Maryland #Gardasil",2
150,454,"??Steve Kirsch interview w/ Alix Mayer"" #unvaccinated vs #Vaccinated  The Expertsô#Gardasil ""Pharma makes 50-60B USD/yr on the children's #vaccine schedule & they make an additional 500B selling people the treatments, to not cure, but manage all the conditions they cause""""""""",2
151,459,"A realistic estimate is that one in 500 girls ñ or 1,000 of the 500,000 vaccinated experience serious side effects. #Gardasil  #Denmark",2
152,460,"History repeats itself. #CovidVaccines are the new Gardasil. Seriously, this is just a variation on an old antivax theme that started with some teenaged girls suffering syncopal episodes after #Gardasil 15+ years ago.",4
153,462,"@EO_Nutrition You may already know this, but studies on the #Gardasil #HPV vaccine show that it depletes thiamine levels.  Anyone who's taken those shots needs to supplement with #thiamine",0
154,465,"#HPV #gardasil #Quebec """"fb.watch/i4Ihm_HGUm/?mibextiÖ",0
155,468,"Why are deaths from #CervicalCancer increasing so rapidly AFTER the introduction of #Gardasil? Is this not potentially a safety signal that needs investigation?""""naturalblaze.com/2015/06/.VbÖ",0
156,471,"The blame game. "" Gardasil HPV Class Action Lawsuit Updates - 2023 #Merck the makers of #Gardasil plan to defend themselves in court by saying itís the doctorís responsibility to warn the patients of potential side effects.  ""millerandzois.com/products-lÖ",2
157,481,"Remember, Dr. #JulieGerberding, former director of the Centers for Disease Control and Prevention (2002-2009), was named president of Merck & Co Incís vaccine division! #Gardasil approved in 2006!",0
158,490,#Gardasil #Merck #Danger #EffetsSecondairesVaccins,7
159,501,"POTS is an autonomic nervous system disorder characterized by an excessive increase in heart rate when a person stands up.""#Gardasil #Lawsuit #AutoImmuneDisorder""bit.ly/3VCDtKh",4
160,502,"Interviews with five study participants and more than 2,300 pages of documents obtained through freedom-of-information requests from hospitals and health authorities suggest inadequacies built into #Merckís major clinical tests of #Gardasil.",5
161,503,"Reminder: ZERO evidence  #Cervarix / #Gardasil will ever prevent a """"single case of cancer.",9
162,504,"Did you know that polysorbates in certain #vaccines and drugs can possibly be implicated in severe reactions?""ncbi.nlm.nih.gov/pmc/articleÖ Sign up: physiciansforinformedconsentÖ ""#1stDoNoHarm #Vaccination #InformedConsent #HPV #HPVvaccine #Gardasil #CervicalCancer #Science #Statistics",7
163,512,"Merckís call to lower the age for Gardasil HPV vaccine 'just another marketing ploy,' critic says ""tinyurl.com/2ohqzwwd ""#age #children #vaccine #call #Critic #Gardasil #health #HPV #marketing #Mercks #PLOY #vaccination",6
164,523,"?? Flyer Parents En ColËre ""Lien du pdf :t.me/stock_infos_PEC/957 #Jarnac #macron #Gardasil""#ParentsEnColere #PEC #ProtegeonsNosEnfants",4
165,528,"@AssociationPEC @MicheleRivasi @v_joron @noel_sylviane @f_philippot @PavanVincent @JeanYvesCAPO """"#Gardasil",0
166,531,Do read the thread on #hpv vaccine #gardasil injuries,1
167,532,"2/2 Lately I have heard about pregnant women having being convinced to have these shots too - utter MADNESS!"" ""Watch this and know that many have died, been paralysed and have had their young lives destroyed. #Gardasil",6
168,534,"#Gardasilís Long Shadow of #Autoimmunity Confirmed ó Again ó by New #Study ""#autoimmune ""childrenshealthdefense.org/dÖ",5
169,535,"#CervicalCancers Caused by #HPV ... are Unfortunate"" precisionvaccinations.com/20Ö ""#vaccine #women #girls #gardasil #MUSCHollingsCancerCenter",3
170,538,"1/2 We were the ëluckyí ones with the Cervarix vaccine. If you can call a Hashimotos diagnosis ëluckyí""If you have a daughter and are being pressured into having her HPV vaccinated ~ DONíT DO IT! #Gardasil ""bit.ly/3LbEtml",2
171,539,"All #vaccines harm, #gardasil causes infertility and other issues. """"Do not go by vaccine propaganda, and don't forget history",0
172,543,"NEW STUDY: Girls and young women experiencing complications from Merck's #Gardasil #HPV vaccine show symptoms + biological markers of autoimmune conditions via The Journal of Autoimmunity"" ""childrenshealthdefense.org/dÖ",5
173,544,"An excellent factual book, a must read for any parent considering the #Gardasil vaccine.",1
174,545,#CervicalScreening #CervicalCheck #HPV awareness & testing. #Gardasil #Immunisation #ProtectionAgainstCancer,0
175,548,"NEW STUDY: Girls and young women experiencing complications from Merck's #Gardasil #HPV vaccine show symptoms + biological markers of autoimmune conditions via The Journal of Autoimmunity!"" Samme vaccine er pÂ det danske b¯rnevaccinationsprogram !!! ""childrenshealthdefense.org/dÖ",5
176,554,"Did you know the HPV vaccine can protect you against several types of cancers? ?? The vaccine is available free through general practices for people aged 9ñ26 and is the easiest way to protect yourself from these cancers. "" ""#hpv #hpvvaccine #hpvawareness #hpvvirus #gardasil",6
177,558,"#Papillomavirus #facts #factsonly ""#FactCheck #Gardasil ??""#VaccineSideEffects",3
178,561,"Did you know Gardasil achieved FDA approval in just six months? One of the principal investigators of the Gardasil clinical trials (the human testing that precedes FDA approval) said the process ìwent too fast.î ""#Gardasil #GardasilLawsuit""bit.ly/3e5OmUy",6
179,562,A friend of mine whose daughter has #CRPS (she has never had the Covid shot or Gardasil) finished a few weeks of treatment at @SperoClinic in Fayetteville AR a year ago. My friend said some ppl were there getting treatment (successful treatment) for #Gardasil injuries.,1
180,565,A hero to many Australians and others around the world is retiring at a time when his great legacy is at the centre of vaccine hysteria in US #Gardasil #IanFrazer,3
181,566,"Woman Injured by #Gardasil ?? Shares How COVID Shots Injured Her Mother and Ended the Life of Her Grandmother""""childrenshealthdefense.org/dÖ",1
182,567,"A new #systematicreview shows that the #HPV #vaccine is effective in preventing infections and #Cancers  ó of course, none of us are surprised buff.ly/3G4nCiy #VaccinesWork #Gardasil #StopCancer",5
183,569,"childrenshealthdefense.org/dÖ """"#gardasil #vaccineinjury",1
184,570,25 Reasons to Avoid the #Gardasil Vaccine childrenshealthdefense.org/nÖ @ChildrensHD @children_canada,4
185,572,"Do you know anyone who experienced chronic pain, fatigue and dyscognition after HPV #vaccination?"" ncbi.nlm.nih.gov/pubmed/3265Ö Want to stay informed? physiciansforinformedconsentÖ ""#1stDoNoHarm #Vaccines #InformedConsent #HPV #HPVvaccine #Gardasil #CervicalCancer #Science #Statistics",7
186,573,"October is dysautonomia awareness month. Dysautonomia is a common condition that over 70 million people across the world suffer from in one form or another.""#dysautonomia #autoimmune #gardasil""bit.ly/3MaZaND",2
187,576,#MerckCo World-Wide Sales for #GARDASIL was 2294m USD in Q3 2022 (Up 37%) 1stoncology.com/blog/3q22-meÖ,0
188,580,"It only makes sense that all OBGYN's that push around smoke plume from vaporized HPV should be vaccinated.  It also makes sense that all OBGYN's that push vaccination should be vaporized.""""#medtwitter #gyntwitter #obgyntwitter #gynfluencer #hpv #Vaccination #Gardasil #Condyloma",2
189,581,"Happened to my child. #Gardasil unleashed Lyme, babesia, EBV, mycoplasma ==> years of POTS, fatigue, depression. Still suffers.",4
190,585,Good news for Gardasil plaintiffs! A federal judge overseeing the Gardasil MDL (multidistrict litigation) appointed 4 lawyers to serve on the litigation leadership for plaintiffs who allege the #Gardasil #HPV #vaccine caused them severe side effects. prn.to/3rSaBQQ,8
191,586,"Dysautonomia is a term for many medical ailments that cause the autonomic nervous system to malfunction. The ANS controls the ìautomaticî functions that are not consciously on your mindóblood pressure, body temperature, and others. #Gardasil #Dysautonomia""""bit.ly/3e5OmUy",3
192,587,"The Gardasil vaccine, made by Merck & Co., was approved by the FDA in 2006 to prevent infection from some types of HPV. Since then, many adolescents and adults have reported disabling side effects after getting the vaccine. #Gardasil #pots #HPV #lawyer""""bit.ly/3e5OmUy",2
193,588,"Rochelle was Injured by Gardasil Vaccine."" COVID Shots injured her mother and ended the life of her grandmother.#Covid #COVIDvaccines #Gardasil vaccine #Moderna #pfizer #internationalnews #hotnews ""gettr.com/post/p1vl6bp2757",1
194,589,"First Wrongful Death Gardasil Lawsuit Filed Against Merck - 13-Year-Old Noah Foleyís Untimely Death After Gardasil - Learn more:  baumhedlundlaw.com/prescriptÖ""""#Gardasil #HPV #vaccine #Merck #wrongfuldeath #gardasilinjured",8
195,591,"First ""#Gardasil Wrongful Death Lawsuit Filed AGAINST #Merck Alleging #HPV Vaccine CAUSED 13-Year-Oldís Death- #RFKJr is Really KNOCKING it Out of the Park trying to DEFEND Americans! ""childrenshealthdefense.org/dÖ",8
196,592,25 Reasons to Avoid #Gardasil childrenshealthdefense.org/nÖ,4
197,593,25 Reasons to Avoid #Gardasil childrenshealthdefense.org/nÖ,4
198,594,"Boy's death blamed on a form of #encephalitis caused by #HPV #vaccine ó science shows no link, but parents sue anyway.  buff.ly/3CAHsQu #Gardasil #VaccinesWork #VaccineSideEffects",7
199,595,News Alert: #Gardasil was a #vaccine promoted by Pharmaceutical #Merck for #young people to prevent against HPV #Litigation ensued as multiple #irreversible #injuries were reported. The injury cases are increasing as knowledge is shared ?@JCCFCanada? piped.video/OkWCf0xJW0c,6
200,596,#vaccineinjuries  #vaccinedeaths #Vaccine #Gardasil lawyers are reviewing Gardasil vaccine lawsuits in all 50 states for victims who have suffered side effects from the Gardasil HPV vaccine. Deaths and injuries have been linked to this vaccine  millerandzois.com/gardasil-hÖ,8
201,598,"October is Dysautonomia Awareness Month. Did you know that Gardasil lawsuits allege Merck conceals the fact that Gardasil induces & increases the risk of autoimmune diseases, including dysautonomia? Find out more here:""#Gardasil #hpv #dysautonomia #lawsuit""bit.ly/3MaZaND",0
202,599,"Did you know that most pre-licensure trials for #HPVvaccine compared the vaccine with an active #vaccine rather than with an inert placebo? ""ncbi.nlm.nih.gov/pubmed/2820Ölink.springer.com/article/10Ö Join us:physiciansforinformedconsentÖ ""#InformedConsent #HPV #Gardasil #CervicalCancer",7
203,600,"Boy's death blamed on an autoimmune form of #encephalitis caused by #HPV #vaccine ó science shows no link, but parents sue anyway.  buff.ly/3CAHsQu #Gardasil",7
204,601,"Medical community has a long history of using humanity as their experimental guinea pigs."" Just look at the harm done over the last 2.5 years by the institution and itís collusion with Big Pharma. #Tuskegee#Oxycodone#Thalidomide#PIPSiliconeImplants#Gardasil""etc etc etc",0
205,602,@paulapenfold #Gardasil Nek minute newshub.co.nz/home/shows/201Ö,0
206,603,"I remember when girls injured from #Gardasil were told symptoms were bc if anxiety even if they fainted or dx with POTS, Yep all anxiety or fear of a needle, I guess saying it must make it true???",2
207,604,"Merck $MRK announced that it gained approval from the NMPA to expand the use of #Gardasil 9 (Human Papillomavirus (HPV) 9-valent Vaccine, Recombinant) to individuals aged 9 through 45 years old. The vaccine will help to prevent cervical cancer.",1
208,605,"Boy's death blamed on a form of #encephalitis caused by #HPV #vaccine ó science shows no link, but parents sue anyway.  buff.ly/3CAHsQu #Gardasil",7
209,606,"MSD Pharmaceuticals, a wholly-owned subsidiary of Merck Sharp & Dohme, launched Indiaís first gender neutral HPV vaccine†#Gardasil"" #TheTimesGroup #RadioMirchi #Gulmoharmaitri #MSD-India† #RehanAKhan ""#HPVvaccine",6
210,607,THIS .. it needs to be more education earlier to understand the importance of #gardasil,0
211,608,"Boy's death blamed on a form of #encephalitis caused by #HPV #vaccine ó science shows no link, but parents sue anyway.  skepticalraptor.com/skepticaÖ #Gardasil",7
212,609,"MSD Pharmaceuticals, a wholly-owned subsidiary of Merck Sharp & Dohme, launched Indiaís first gender neutral HPV vaccine†#Gardasil 9"" #TheTimesGroup #RadioMirchi #Gulmoharmaitri #MSD-India† #RehanAKhan ""#HPVvaccine",6
213,611,"????Tout a ÈtÈ dit. ""#medias #France#Mckinsey #Mckinseygate #Macron #Veran #occitanie #Toulouse #Montpellier #Herault #Beziers #Gard #nimes #perpignan #COVID #Ukraine #BillGatesBioTerrorist  #Gardasil #HPV #papillomavirusMÈdicaments sous influence??????""odysee.com/@laileastick:4/20Ö",4
214,612,"Did you know that safety concerns were expressed regarding the #HPVvaccine by Prof. Mahin Khatami, former program director at the NCI & NIH? ""ncbi.nlm.nih.gov/pmc/articleÖ Sign up to our newsletter: physiciansforinformedconsentÖ ""#InformedConsent #HPV #Gardasil #CervicalCancer #Science",7
215,614,"#MSD India MD talks about price adjustments for #Januvia, ëcategory developmentí for #Gardasil 9, #Keytrudaís rise as leading cancer therapy in India and more #biopharma #cancer #diabetes",3
216,619,We had a great pediatrician that advised us NOT to get the #Gardasil!,3
217,620,"My kidsí pediatrician tried so hard to convince me to give my kids #Gardasil - even shamed me for not doing it. Heís no longer our pediatrician. Iím thankful I watched #Vaxxed or I would not have known how bad it is. Thanks, @delbigtree ! ??",8
218,621,"Did you know inflammation of the brain & spinal cord is most often reported following flu & HPV #vaccines?"" Join PIC: physiciansforinformedconsentÖ ""#Physicians4InformedConsent #1stDoNoHarm #Vaccination #InformedConsent #HPV #HPVvaccine #Gardasil #CervicalCancer #Science #Statistics",7
219,622,"The court order allows #Gardasil #HPV #vaccine injury lawsuits to move into coordinated discovery and pretrial proceedings. """"""""These personal injury actions present common questions of fact arising from allegations that plaintiffs...developed...injuries.""""""""""""baumhedlundlaw.com/blog/2022Ö",8
220,624,"Attorney Brandon†Salter of @MBLFirm explains what you need to know on the latest emerging MDL, #Gardasil (MDL no. 3036) #MassTorts #EmergingTorts #pharmaceuticalMDL #Merck"" ""masstortnews.org/new-mdl-litÖ",0
221,625,"#Merck #HPV #vaccine #Gardasil wreaking havoc amongst women."" Reported conditions include: brain & spinal cord inflammation, encephalitis, demyelination, blood #clots in heart, lungs, & legs"" cognitive disorders, GBS, and death",5
222,626,"I got my HPV vaccine in 2019 & its then when I realised that even-though itís the only vaccine that prevents against one of the major causes of #cervicalcancer (HPV), yet it canít be accessed by many cuz of its soaring high rate.""#HPVvaccine #MedTwitter #Gardasil ""#Cervarix",3
223,628,Seriously where has everyone been? #Gardasil injuries and mysterious deaths,8
224,629,Everyone is awoke with #VAERS where were they with #Gardasil?!!!,0
225,656,#Gardasil cures nothing!,0
226,680,"Firmes possÈdÈes par #BlackRock ""#Pfizer #Moderna #AstraZeneca #merck et son #Gardasil  Voil‡, voil‡ ??#blackrock #NonALaReformeDesRetraites ""#MacronDestitution",7
227,703,Watch Wisner Baum senior partner talk about the Gardasil HPV lawsuits and alleged injuries. The science is not settled on Gardasil. bit.ly/3ZI96ns #Gardasil #HPV #hpvvaccine #gardasilreaction #gardasilinjury #gardasiladversereaction #gardasilsideffects #cervicalcancer,8
228,705,#Gardasil odysee.com/@LigneDroiteMatinÖ,0
229,738,#Gardasil !!!No way !!#Protegeo,0
230,750,Voyons comment calmer ce troll @AFPFactCheck #Gardasil #Vaccination,0
231,752,"#ProtegeonsNosEnfants ""#Jarnac #macron #boycott ""?? #Gardasil #EnfantsEnDanger",4
232,816,"?????#Warning ""#DepopulationAgenda #Bioweapon #WarAgainstHumanity ""#Gardasil #CrimesAgainsHumanity",0
233,820,"#EnfantsEnDanger #Jarnac """"#boycott #macron #Gardasil",4
234,823,"?? #macron #Gardasil #Jarnac ??""""#EnfantsEnDanger #boycott",4
235,840,"In 2014, 400 doctors had spoken out against the vaccination campaign with the ineffective and expensive #Gardasil. Yet Macron wants to have our daughters pricked, even if it means increasing the deficit of the SÈcu for nothing.",4
236,846,"?????Diane Harper mÈdecin spÈcialiste Vaccin, HPV, Papillomavirus.""Lien vers le documentaire #Gardasil  ?????Diane Harper medical specialist Vaccine, HPV, Papillomavirus.Link to the #Gardasil documentary ""@JudicialWatch @RobertKennedyJr @OANN @DailyMailUK",0
237,872,#Merck #Gardasil #LÈvothyrox #Vioxx #Wargon,7
